ID	Article	URL	Q1	Q2-1	Q2-2A	Q2-2B	Q4	Q5	Q6	Q7
1	[FactCheck] ｢3〜5歳児全ての幼児教育､保育を無償化｣は本当か？ー臨時国会所信表明の検証①	https://infact.press/2019/10/post-3413/	Inaccurate	3:No, probably	-	2:Inadequate understanding	3.Neither/No such intention	2.Partisan	1.33	4.Threat correct understanding of politics and social events
2	[FactCheck] ｢CNNが発砲した男の写真を加工し､白人に見せかけた｣との虚偽情報 日本でも拡散	https://infact.press/2020/06/post-6452/	Pants-on-Fire	3:No, probably	-	1.Trusting other sources	2.Denigration	3.Propaganda	4.00	6.Prejudice against national and racial
3	[FactCheck] ｢トランプ大統領の所得税が少なかった理由は多額の寄付｣との根拠不明情報が拡散	https://infact.press/2020/10/post-9190/	Unknown-Evidence	3:No, probably	-	1.Trusting other sources	1.Flattery	2.Partisan	2.00	3.Threat honor and trust in people, company and good
4	[FactCheck] ｢ペンシルベニア州 2万1000人の死者名で郵便投票があったと提訴｣はミスリード　訴えは根拠なしと却下	https://infact.press/2020/11/post-9692/	Misleading	3:No, probably	-	3.Misleading	2.Denigration	2.Partisan	2.33	3.Threat honor and trust in people, company and good
5	[FactCheck] ｢北海道の中国人技能実習生は1万人以上｣｢占冠村人口の3割以上が中国人｣は不正確	https://infact.press/2020/10/post-9378/	Inaccurate	4:No, definetely	-	2:Inadequate understanding	2.Denigration	3.Propaganda	2.33	6.Prejudice against national and racial
6	[FactCheck] ｢台湾の防空システムが中国戦闘機を撃墜｣は虚偽 台湾当局の全面否定を中国メディアも追認	https://infact.press/2020/09/post-8148/	Pants-on-Fire	3:No, probably	-	1.Trusting other sources	3.Neither/No such intention	3.Propaganda	2.67	6.Prejudice against national and racial
7	[FactCheck] ｢国交省､北海道に中国人500万人移住計画を発表｣は誤り 3年前の動画が再拡散	https://infact.press/2020/09/post-8110/	False	3:No, probably	-	1.Trusting other sources	2.Denigration	4.No purpose/Unknown	2.00	6.Prejudice against national and racial
8	[FactCheck] ｢大阪市分割でコスト218億円増｣報道は根拠不明 基準財政需要額は実際の行政コストと連動せず	https://infact.press/2020/10/post-9381/	Unknown-Evidence	4:No, definetely	-	2:Inadequate understanding	2.Denigration	4.No purpose/Unknown	3.67	4.Threat correct understanding of politics and social events
9	[FactCheck] ｢安倍総理マスク画像は合成｣は根拠不明　多数のメディアが同様の写真撮影	https://infact.press/2020/09/post-8039/	Unknown-Evidence	3:No, probably	-	2:Inadequate understanding	2.Denigration	2.Partisan	2.67	3.Threat honor and trust in people, company and good
10	[FactCheck] ｢日本が黒人の入国を厳しく制限｣ 中国で誤情報拡散	https://infact.press/2020/08/post-6979/	False	3:No, probably	-	3.Misleading	2.Denigration	3.Propaganda	1.67	6.Prejudice against national and racial
11	[FactCheck] ｢李登輝元総統の生前インタビュー NHKが5年封印｣ 台湾メディアの報道は誤り	https://infact.press/2020/08/post-7401/	False	4:No, definetely	-	2:Inadequate understanding	2.Denigration	4.No purpose/Unknown	1.00	3.Threat honor and trust in people, company and good
12	[FactCheck] ｢死亡事故を楽しむ日本人｣とCNNが報道？ 画像は合成だった	https://infact.press/2019/10/post-3210/	False	1:Yes, definitely	2.Manipulated image	-	2.Denigration	4.No purpose/Unknown	2.67	3.Threat honor and trust in people, company and good
13	[FactCheck] ｢毎秒100mの風 僕が飛ぶくらい｣はコラージュ画像　実際は｢車が飛ぶくらい｣	https://infact.press/2020/10/post-8361/	Pants-on-Fire	1:Yes, definitely	2.Manipulated image	-	3.Neither/No such intention	1.Satire/Parody	1.33	1.Harmless (e.g., Satire / Parody)
14	[FactCheck] ｢財政検証で年金の所得代替率が改善｣は本当か？ー臨時国会所信表明の検証②	https://infact.press/2019/10/post-3415/	Misleading	3:No, probably	-	3.Misleading	1.Flattery	2.Partisan	1.00	4.Threat correct understanding of politics and social events
15	[FactCheck] ｢防大卒業生が大学院に行きたくとも東大など各大学は断る｣は誤り 櫻井氏の発言が拡散	https://infact.press/2020/10/post-9066/	False	3:No, probably	-	1.Trusting other sources	2.Denigration	2.Partisan	2.00	3.Threat honor and trust in people, company and good
16	[FactCheck] ｢除草剤のせいで鹿が腫瘍だらけ｣は誤情報　米ファクトチェック団体が検証	https://infact.press/2020/08/post-7321/	False	3:No, probably	-	1.Trusting other sources	2.Denigration	4.No purpose/Unknown	3.00	3.Threat honor and trust in people, company and good
17	[FactCheck] 「NHKが『東日本大震災でLINEが役立った』とデマ」は誤り NHKは時系列を正しく説明	https://infact.press/2021/03/post-10734/	False	4:No, definetely	-	2:Inadequate understanding	2.Denigration	4.No purpose/Unknown	2.33	3.Threat honor and trust in people, company and good
18	[FactCheck] 「トルコ・ロックダウン開始前に田舎に逃げる国民」の画像は不正確 昨年の外出制限時のもの	https://infact.press/2021/05/post-11927/	Inaccurate	3:No, probably	-	1.Trusting other sources	3.Neither/No such intention	4.No purpose/Unknown	1.33	2:Confusion and anxiety about society
19	[FactCheck] 「ワクチンの中のナノテクノロジーロボット」動画は誤り 実際は不妊治療用	https://infact.press/2021/04/post-10879/	False	1:Yes, definitely	4.False context	-	2.Denigration	3.Propaganda	3.67	5.Health
20	緊急事態宣言後の国会「こんな時に野党が審議拒否」は誤り。「全くのフェイク」と批判も	https://www.buzzfeed.com/jp/kotahatachi/emergency-declaration-5	False	1:Yes, definitely	2.Manipulated image	-	2.Denigration	2.Partisan	4.33	3.Threat honor and trust in people, company and good
21	「日本と韓国の避難所格差」として紹介された画像は誤り、台風19号で拡散	https://www.buzzfeed.com/jp/kotahatachi/not-korea-its-kamaishi	False	3:No, probably	-	2:Inadequate understanding	1.Flattery	3.Propaganda	1.33	6.Prejudice against national and racial
22	新型コロナウイルス「中国人が日本の健康保険を“悪乗り”するために押し寄せる」は不正確。まとめサイトが拡散	https://www.buzzfeed.com/jp/saoriibuki/corona-virus-health-insurance	Inaccurate	3:No, probably	-	3.Misleading	2.Denigration	3.Propaganda	2.00	6.Prejudice against national and racial
23	安倍首相「平均的な共働き夫婦の奥さんの月収」画像は誤り　発言が改変、検索で大量ヒット	https://www.buzzfeed.com/jp/kensukeseya/fc-abe-pic	False	3:No, probably	-	1.Trusting other sources	2.Denigration	2.Partisan	3.33	3.Threat honor and trust in people, company and good
24	「プーチン大統領の娘、コロナワクチン接種で死亡」根拠不明の情報が世界に拡散	https://www.buzzfeed.com/jp/kotahatachi/putin-daughter	Pants-on-Fire	4:No, definetely	-	1.Trusting other sources	3.Neither/No such intention	4.No purpose/Unknown	3.00	5.Health
25	「川崎でヘイト禁止条例の成立後、拉致被害者のポスターが撤去」はミスリード。ネットで拡散	https://www.buzzfeed.com/jp/kotahatachi/kawasaki-debunk	Misleading	4:No, definetely	-	3.Misleading	2.Denigration	4.No purpose/Unknown	2.00	4.Threat correct understanding of politics and social events
26	実は増えていた　「アベノミクスで生活保護世帯は減少」菅長官発言は不正確	https://mainichi.jp/articles/20200911/k00/00m/010/333000c	Inaccurate	3:No, probably	-	2:Inadequate understanding	1.Flattery	2.Partisan	2.00	4.Threat correct understanding of politics and social events
27	「バイデン氏に1823年生まれの197歳が投票」は誤り。大統領選の「不正疑惑」として拡散したが…	https://www.buzzfeed.com/jp/kotahatachi/baidenni1823mareno197gaharidemoha	False	3:No, probably	-	1.Trusting other sources	2.Denigration	4.No purpose/Unknown	2.00	7.Conspiracy theory
28	千葉大研究発表文「十分なPCR検査の実施国では新型コロナの死亡率が低い」は根拠不明	https://wasegg.com/archives/2418	Unknown-Evidence	2:Yes, probably	1:Fabricated content	-	3.Neither/No such intention	4.No purpose/Unknown	1.67	2:Confusion and anxiety about society
29	「隣接市は住民投票なしで特別区に」はミスリード	https://www.sankei.com/article/20201022-6AJOZOLWHRKKHMGDXYKH2XDHQA/	Misleading	3:No, probably	-	2:Inadequate understanding	2.Denigration	2.Partisan	3.50	4.Threat correct understanding of politics and social events
30	[FactCheck]小泉環境相が「生態系の破壊が進んでいる。人類の数は半分でいい」と発言したとの情報は誤り　二つの主張に因果関係はなく、発言内容を改変	https://infact.press/2021/04/post-11234/	False	1:Yes, definitely	2:Manipulated text	-	2.Denigration	4.No purpose/Unknown	2.00	3.Threat honor and trust in people, company and good
31	[新型肺炎FactCheck] クルーズ船 ｢日本の検査で陰性だったのに米国で11人陽性反応｣は誤り	https://infact.press/2020/02/post-5018/	False	4:No, definetely	-	2:Inadequate understanding	2.Denigration	4.No purpose/Unknown	2.33	2:Confusion and anxiety about society
32	[新型肺炎FactCheck] 「遺体を燃やすと出る二酸化硫黄 武漢で大量検出」は誤り	https://infact.press/2020/02/post-4843/	False	3:No, probably	-	1.Trusting other sources	2.Denigration	4.No purpose/Unknown	3.00	6.Prejudice against national and racial
33	菅首相「ワクチン接種100万回超えてきた」はミスリード	https://mainichi.jp/articles/20210610/k00/00m/040/218000c	Misleading	3:No, probably	-	3.Misleading	1.Flattery	4.No purpose/Unknown	1.33	4.Threat correct understanding of politics and social events
34	[コロナの時代]ファクトチェック：福岡市に配分された4月分のワクチンの大多数が町内会長とか民生委員等に接種されているという情報は不正確。	https://infact.press/2021/05/__trashed-2/	Inaccurate	4:No, definetely	-	3.Misleading	2.Denigration	4.No purpose/Unknown	0.67	4.Threat correct understanding of politics and social events
35	新型コロナ「感染者上位の多くが中国人」「日本国籍が確認されてる感染者は20％以下」拡散している情報はミスリード	https://www.buzzfeed.com/jp/kotahatachi/20per-japan	Misleading	3:No, probably	-	1.Trusting other sources	2.Denigration	4.No purpose/Unknown	3.00	6.Prejudice against national and racial
36	[コロナの時代]ファクトチェック： 入院拒否に懲役刑についての菅首相答弁｢全国知事会が罰則を求めた｣はミスリード	https://infact.press/2021/01/post-10216/	Misleading	4:No, definetely	-	3.Misleading	3.Neither/No such intention	2.Partisan	1.67	4.Threat correct understanding of politics and social events
37	米大統領選「郵便投票で機械的に製造されたバイデン票が発見された」は誤り。アメリカで検証済みの情報が日本でも拡散	https://www.buzzfeed.com/jp/yutochiba/2020-election-factcheck	False	3:No, probably	-	1.Trusting other sources	2.Denigration	2.Partisan	1.67	3.Threat honor and trust in people, company and good
38	[新型肺炎FactCheck] ｢感染者 国内で400人超す｣報道はミスリード	https://infact.press/2020/02/post-4931/	Misleading	3:No, probably	-	3.Misleading	3.Neither/No such intention	4.No purpose/Unknown	1.00	2:Confusion and anxiety about society
39	「暴徒はトランプ支持者ではなくアンティファ」は「根拠不明」。英語圏SNSから日本でも拡散	https://www.buzzfeed.com/jp/harunayamazaki/theres-no-evidence-antifa-was-involved-in-the-attempted-1	Unknown-Evidence	3:No, probably	-	1.Trusting other sources	2.Denigration	2.Partisan	2.67	3.Threat honor and trust in people, company and good
40	「オーストラリアの山火事」と拡散された画像は誤り。画像は全て過去の森林火災	https://www.buzzfeed.com/jp/yutochiba/australia-bush-fire-factcheck	False	4:No, definetely	-	1.Trusting other sources	3.Neither/No such intention	4.No purpose/Unknown	1.67	2:Confusion and anxiety about society
41	朝日新聞が「サンゴを傷つけた罪は重い。万死に値する」と表記は誤り　ソースは5ちゃんか	https://www.buzzfeed.com/jp/kensukeseya/asahi-sango	False	3:No, probably	-	1.Trusting other sources	2.Denigration	4.No purpose/Unknown	2.67	3.Threat honor and trust in people, company and good
42	菅首相「松山選手は日本人初のメジャー制覇」ツイートは誤り	https://mainichi.jp/articles/20210413/k00/00m/050/096000c	False	3:No, probably	-	3.Misleading	3.Neither/No such intention	4.No purpose/Unknown	1.00	1.Harmless (e.g., Satire / Parody)
43	安倍首相、国会も出ずに昭恵夫人と日曜大工？ ネットで拡散の動画に注意	https://www.buzzfeed.com/jp/kensukeseya/abe-beaver-tonton	False	1:Yes, definitely	2.Manipulated image	-	2.Denigration	2.Partisan	2.33	3.Threat honor and trust in people, company and good
44	聖火リレー採火式は「男子禁制」で性差別？SNSで拡散するも不正確 “都市伝説”を検証	https://www.buzzfeed.com/jp/harunayamazaki/olympic-flame-lighting	False	3:No, probably	-	2:Inadequate understanding	2.Denigration	4.No purpose/Unknown	1.33	6.Prejudice against national and racial
45	[FactCheck]「トリチウムのゆるキャラが電通に3億700万円で発注されていた」は誤り キャラクターに投じたのは「数百万円」	https://infact.press/2021/04/post-11462/	False	3:No, probably	-	2:Inadequate understanding	2.Denigration	4.No purpose/Unknown	2.00	3.Threat honor and trust in people, company and good
46	[コロナの時代]ファクトチェック： ｢蓮舫議員が『高卒みたいな可哀想な人達が増える』と発言｣は誤情報	https://infact.press/2020/05/post-5867/	False	3:No, probably	-	1.Trusting other sources	2.Denigration	2.Partisan	4.00	3.Threat honor and trust in people, company and good
47	「韓国が小池知事に謝罪と賠償を要求」は誤り。関東大震災の朝鮮人虐殺めぐり、まとめサイトが拡散	https://www.buzzfeed.com/jp/kotahatachi/twisoku-fc	False	3:No, probably	-	2:Inadequate understanding	2.Denigration	4.No purpose/Unknown	3.33	6.Prejudice against national and racial
48	愛知県知事リコール運動　「署名受任者の住所氏名が公報で公開される」はミスリード	https://mainichi.jp/articles/20200924/k00/00m/040/346000c	Misleading	3:No, probably	-	3.Misleading	2.Denigration	4.No purpose/Unknown	0.67	4.Threat correct understanding of politics and social events
49	匿名ツイート「米上院が『コロナはうそ』と発表」は誤り	https://mainichi.jp/articles/20210614/k00/00m/040/233000c	False	4:No, definetely	-	1.Trusting other sources	2.Denigration	3.Propaganda	2.67	7.Conspiracy theory
50	オーストラリア火災「環境活動家が放火」「200人が逮捕」世界で拡散する情報に注意	https://www.buzzfeed.com/jp/kotahatachi/australia-1	Unknown-Evidence	3:No, probably	-	2:Inadequate understanding	2.Denigration	4.No purpose/Unknown	1.67	3.Threat honor and trust in people, company and good
51	[コロナの時代]ファクトチェック： ｢ノーベル賞受賞者の本庶教授が中国の人造ウイルス説に言及｣との虚偽情報がインドで拡散	https://infact.press/2020/04/post-5669/	Pants-on-Fire	1:Yes, definitely	2:Manipulated text	-	2.Denigration	3.Propaganda	2.00	3.Threat honor and trust in people, company and good
52	[FactCheck] 共同通信見出し「国連、処理水放出に『深い憂慮』」は不正確 意見は独立の特別報告者によるもの	https://infact.press/2021/04/post-11189/	Inaccurate	4:No, definetely	-	3.Misleading	2.Denigration	4.No purpose/Unknown	1.33	3.Threat honor and trust in people, company and good
53	中国国旗を掲げる人たちの動画を引用し「このような方達が入国可能に」　拡散した投稿はミスリード	https://www.buzzfeed.com/jp/kensukeseya/fc-china-flag	Misleading	3:No, probably	-	3.Misleading	2.Denigration	3.Propaganda	3.00	6.Prejudice against national and racial
54	｢最高裁が『外国人への生活保護は違法』と判断｣は誤情報　過去も繰り返し拡散	https://infact.press/2020/07/post-6735/	False	2:Yes, probably	4.False context	-	2.Denigration	3.Propaganda	2.67	6.Prejudice against national and racial
55	高市氏「日本国旗損壊罪がないのは、敗戦国だから」は誤り	https://mainichi.jp/articles/20210414/k00/00m/010/002000c	False	3:No, probably	-	2:Inadequate understanding	3.Neither/No such intention	4.No purpose/Unknown	1.00	4.Threat correct understanding of politics and social events
56	「約4600人の中国人観光客が博多に入港」1月29日のツイートはミスリード。拡散したのは以前の画像	https://www.buzzfeed.com/jp/yutochiba/coronavirus-3-factcheck	Misleading	4:No, definetely	-	3.Misleading	2.Denigration	4.No purpose/Unknown	1.33	6.Prejudice against national and racial
57	「NHKが災害取材で町のタクシー3台を貸し切り」は不正確、ネットで拡散	https://www.buzzfeed.com/jp/kotahatachi/nhk-taxi	Inaccurate	4:No, definetely	-	2:Inadequate understanding	2.Denigration	4.No purpose/Unknown	2.67	3.Threat honor and trust in people, company and good
58	[FactCheck] 菅首相発言｢英国からの入国者は1日1､2人｣は誤り 実際は1日平均150人	https://infact.press/2020/12/post-9994/	False	4:No, definetely	-	2:Inadequate understanding	3.Neither/No such intention	4.No purpose/Unknown	1.00	4.Threat correct understanding of politics and social events
59	「災害対策本部は特別区４カ所だけ」は根拠不明	https://www.sankei.com/article/20201028-3CWINVLD3FM6PBL6KN7OOLHNBI/	Unknown-Evidence	3:No, probably	-	2:Inadequate understanding	2.Denigration	4.No purpose/Unknown	2.00	4.Threat correct understanding of politics and social events
60	党首討論「哀れな枝野」と動画が拡散→誤り。菅首相の「東京五輪の思い出」が編集され全カット	https://www.buzzfeed.com/jp/kotahatachi/toshu-toron	False	1:Yes, definitely	2.Manipulated image	-	2.Denigration	2.Partisan	4.00	3.Threat honor and trust in people, company and good
61	「カキ殻に口をつけなければあたりにくい」はミスリード　ツイッターで拡散	https://mainichi.jp/articles/20201209/k00/00m/040/322000c	Misleading	4:No, definetely	-	3.Misleading	3.Neither/No such intention	4.No purpose/Unknown	2.67	5.Health
62	「CNNがトランプが勝ってしまうと放送」　日本語版ツイッターで拡散されている情報は「不正確」	https://mainichi.jp/articles/20201203/k00/00m/030/201000c	Inaccurate	3:No, probably	-	2:Inadequate understanding	3.Neither/No such intention	4.No purpose/Unknown	2.00	2:Confusion and anxiety about society
63	トランプ氏資産3分の1減「ほぼ無給で働いたから」は不正確	https://mainichi.jp/articles/20210415/k00/00m/030/364000c	Inaccurate	3:No, probably	-	2:Inadequate understanding	1.Flattery	4.No purpose/Unknown	0.67	3.Threat honor and trust in people, company and good
64	安倍首相、持病再発後も「焼肉食いまくってた」は誤り。「仮病」と画像が拡散したが…	https://www.buzzfeed.com/jp/kotahatachi/yakiniku	False	2:Yes, probably	1:Fabricated content	-	2.Denigration	2.Partisan	3.67	3.Threat honor and trust in people, company and good
65	鼻出しマスクの受験生「尾崎豊をスマホで流した」は根拠不明。拡散したのはコラ画像	https://www.buzzfeed.com/jp/kotahatachi/kono-shihai-kara-no	Unknown-Evidence	1:Yes, definitely	2.Manipulated image	-	3.Neither/No such intention	1.Satire/Parody	1.00	1.Harmless (e.g., Satire / Parody)
66	[新型コロナFactCheck] ｢日本の警察官73名が遺体取扱いで新型コロナに感染｣との台湾紙報道は誤り	https://infact.press/2020/05/post-5887/	False	4:No, definetely	-	2:Inadequate understanding	3.Neither/No such intention	4.No purpose/Unknown	2.00	2:Confusion and anxiety about society
67	[参院選FactCheck] 検証 消費税(1) “増収の一部しか社会保障に使わず､7年で4兆円削減”は事実か？	https://infact.press/2019/07/post-2388/	Misleading	3:No, probably	-	3.Misleading	2.Denigration	2.Partisan	2.00	4.Threat correct understanding of politics and social events
68	[参院選FactCheck] 検証 消費税(2) 増税分の84%は使途不明か？	https://infact.press/2019/07/post-2452/	Inaccurate	3:No, probably	-	3.Misleading	2.Denigration	2.Partisan	2.00	4.Threat correct understanding of politics and social events
69	「選挙システム『ムサシ』の筆頭株主が安倍首相」は誤り。籠池氏が発言し、ネットで拡散	https://www.buzzfeed.com/jp/kotahatachi/musashi	False	3:No, probably	-	1.Trusting other sources	2.Denigration	2.Partisan	3.00	7.Conspiracy theory
70	コロナワクチンが「不妊症」や「流産」の原因に？ 誤情報が世界で拡散。“ファイザー元副社長”が発端に	https://www.buzzfeed.com/jp/kotahatachi/vakzin-fc-2	Unknown-Evidence	3:No, probably	-	1.Trusting other sources	2.Denigration	3.Propaganda	5.00	5.Health
71	コロナワクチンが「不妊症」や「流産」の原因に？ 誤情報が世界で拡散。“ファイザー元副社長”が発端に	https://www.buzzfeed.com/jp/kotahatachi/vakzin-fc-2	Unknown-Evidence	3:No, probably	-	1.Trusting other sources	2.Denigration	3.Propaganda	4.33	5.Health
72	[FactCheck] ジョージア州選挙集計で不正の｢証拠映像｣? 外部から票の持込み確認できず	https://infact.press/2020/12/post-9900/	Misleading	4:No, definetely	-	3.Misleading	2.Denigration	2.Partisan	2.67	2:Confusion and anxiety about society
73	トランプ氏がバイデン氏に残した“手紙”が拡散？ 根拠不明の情報に注意	https://www.buzzfeed.com/jp/kotahatachi/joe-you-know	Unknown-Evidence	3:No, probably	-	1.Trusting other sources	3.Neither/No such intention	4.No purpose/Unknown	1.67	4.Threat correct understanding of politics and social events
74	民主党政権も「元首相の合同葬」や「国葬」を開いた？→誤り。実際は…	https://www.buzzfeed.com/jp/kotahatachi/godo-sogi-2	False	4:No, definetely	-	2:Inadequate understanding	2.Denigration	2.Partisan	1.67	4.Threat correct understanding of politics and social events
75	銀座線運休のお知らせ「日中韓の3ヶ国語表示で英語はない」は不正確。「日本がおかしくなっている」と拡散	https://www.buzzfeed.com/jp/yutochiba/ginza-metro	Inaccurate	4:No, definetely	-	1.Trusting other sources	2.Denigration	3.Propaganda	2.33	6.Prejudice against national and racial
76	「日本で絶対に報道されないトランプ支持者の集会」自民市議らが拡散の動画などは誤り、お詫びも	https://www.buzzfeed.com/jp/kotahatachi/desarenaitoranpunonoyahariraga	Unknown-Evidence	2:Yes, probably	4.False context	-	2.Denigration	2.Partisan	3.00	2:Confusion and anxiety about society
77	「日本で絶対に報道されないトランプ支持者の集会」自民市議らが拡散の動画などは誤り、お詫びも	https://www.buzzfeed.com/jp/kotahatachi/desarenaitoranpunonoyahariraga	Unknown-Evidence	3:No, probably	-	3.Misleading	2.Denigration	2.Partisan	2.67	3.Threat honor and trust in people, company and good
78	[コロナの時代]ファクトチェック： ｢新型コロナウイルス､高温多湿と紫外線が大嫌い｣断定はミスリード	https://infact.press/2020/06/post-6252/	Misleading	3:No, probably	-	3.Misleading	3.Neither/No such intention	4.No purpose/Unknown	2.00	5.Health
79	甘利氏「医療用ガウンは100％中国に依存」は不正確	https://mainichi.jp/articles/20210611/k00/00m/010/327000c	Inaccurate	3:No, probably	-	2:Inadequate understanding	3.Neither/No such intention	2.Partisan	1.33	6.Prejudice against national and racial
80	「東京ロックダウン決定」「首都封鎖宣言」危機感あおる誤情報に注意	https://www.buzzfeed.com/jp/kotahatachi/rokkudaunpanikkudegaruni	False	4:No, definetely	-	3.Misleading	3.Neither/No such intention	4.No purpose/Unknown	2.67	2:Confusion and anxiety about society
81	「学術会議OBは学士院で死ぬまで年金250万円」　フジ解説委員発言は誤り	https://mainichi.jp/articles/20201006/k00/00m/040/302000c	False	3:No, probably	-	2:Inadequate understanding	3.Neither/No such intention	4.No purpose/Unknown	3.33	3.Threat honor and trust in people, company and good
82	「コロナウイルスは存在しない」虚偽の“新聞記事”が拡散、日本でも… その実態は？	https://www.buzzfeed.com/jp/kotahatachi/truth-paper	Pants-on-Fire	3:No, probably	-	1.Trusting other sources	3.Neither/No such intention	3.Propaganda	2.00	7.Conspiracy theory
83	[新型コロナFactCheck] ｢日本の専門家『若い人も死亡しやすい』と警鐘｣ 香港紙報道は誤り	https://infact.press/2020/04/post-5494/	False	4:No, definetely	-	2:Inadequate understanding	3.Neither/No such intention	4.No purpose/Unknown	1.33	5.Health
84	[新型コロナFactCheck] モーニングショー 岡田教授の｢療養ホテルに医師はいない｣発言はミスリード	https://infact.press/2020/05/post-5914/	Misleading	4:No, definetely	-	2:Inadequate understanding	3.Neither/No such intention	4.No purpose/Unknown	1.67	4.Threat correct understanding of politics and social events
85	[FactCheck] ｢『10月､小売売上高が歴史的低下』日本で報じられていない｣は本当か？	https://infact.press/2019/12/post-4104/	Inaccurate	3:No, probably	-	3.Misleading	2.Denigration	3.Propaganda	1.33	3.Threat honor and trust in people, company and good
86	「アナフィラキシー治療薬の在庫が足りず…」ワクチン接種めぐり誤情報が拡散	https://www.buzzfeed.com/jp/yutochiba/vaccination-adrenaline	False	2:Yes, probably	1:Fabricated content	-	2.Denigration	3.Propaganda	3.33	2:Confusion and anxiety about society
87	[新型コロナFactCheck] ｢感染者のうち日本人は半分もいない｣の誤情報が拡散	https://infact.press/2020/05/post-5821/	False	3:No, probably	-	3.Misleading	2.Denigration	3.Propaganda	3.67	6.Prejudice against national and racial
88	新型コロナ、中国が「日本肺炎」と広めようとしている→誤り。ネット番組で誤訳が拡散か	https://www.buzzfeed.com/jp/kotahatachi/unknown-cause-china-19	False	4:No, definetely	-	1.Trusting other sources	2.Denigration	4.No purpose/Unknown	3.00	6.Prejudice against national and racial
89	[コロナの時代] ファクトチェック：「大阪の新規感染者1260人のうち日本人は1人も確認されていない」は、あたかも日本人感染者がいないかの様な印象を与えミスリード	https://infact.press/2021/05/post-11715/	Misleading	3:No, probably	-	3.Misleading	2.Denigration	3.Propaganda	3.33	6.Prejudice against national and racial
90	「京アニの原画を保管するセンター建設を民主党が阻止した」→文化庁が否定、誤り	https://www.buzzfeed.com/jp/kotahatachi/anime-no-dendo	False	4:No, definetely	-	2:Inadequate understanding	2.Denigration	2.Partisan	2.00	3.Threat honor and trust in people, company and good
91	[参院選FactCheck] 年金積立運用益　民主党政権の「10倍」は不正確	https://infact.press/2019/07/post-2467/	Inaccurate	3:No, probably	-	3.Misleading	1.Flattery	2.Partisan	1.33	3.Threat honor and trust in people, company and good
92	安倍首相の答弁動画「富裕層の税金を上げるなんて馬鹿げた政策」→誤り　編集され拡散、740万再生に	https://www.buzzfeed.com/jp/kotahatachi/abe-koike	False	1:Yes, definitely	2.Manipulated image	-	2.Denigration	2.Partisan	2.67	3.Threat honor and trust in people, company and good
93	「大量のトランプ票を埋めた」動画は誤り 実際はサウジの冷凍チキンか	https://mainichi.jp/articles/20201106/k00/00m/030/107000c	False	3:No, probably	-	1.Trusting other sources	3.Neither/No such intention	2.Partisan	2.00	3.Threat honor and trust in people, company and good
94	[新型コロナFactCheck] ｢大阪で感染した看護師による大規模な院内感染｣との誤情報､中国で拡散	https://infact.press/2020/06/post-6288/	False	3:No, probably	-	2:Inadequate understanding	2.Denigration	4.No purpose/Unknown	2.00	3.Threat honor and trust in people, company and good
95	ツイッターで拡散「任命拒否6人、ツールで低評価だから学者と言えない」は誤り	https://mainichi.jp/articles/20201010/k00/00m/040/006000c	False	4:No, definetely	-	3.Misleading	2.Denigration	4.No purpose/Unknown	2.00	3.Threat honor and trust in people, company and good
96	「ウーバー配達員が配達中のいなり寿司を食べて逮捕」と拡散したのはコラ画像	https://www.buzzfeed.com/jp/kotahatachi/uber-sushi	Pants-on-Fire	1:Yes, definitely	1:Fabricated content	-	3.Neither/No such intention	1.Satire/Parody	1.67	3.Threat honor and trust in people, company and good
97	「カナダ、東京五輪へ不参加を表明」はミスリード。「反日国家」などと去年の記事が拡散	https://www.buzzfeed.com/jp/yutochiba/canada-olympics-2021	Misleading	3:No, probably	-	3.Misleading	2.Denigration	4.No purpose/Unknown	2.67	6.Prejudice against national and racial
98	日本の新型コロナ死亡率、「1千万分の1」は誤り。致死率も低下する中、「現在の対策は過剰」は本当か？	https://www.buzzfeed.com/jp/yutochiba/covid-19-fatality-rate	False	3:No, probably	-	2:Inadequate understanding	3.Neither/No such intention	3.Propaganda	2.33	5.Health
99	[コロナの時代]ファクトチェック： 麻生大臣の国会発言 ｢民度の違い｣を理由に｢死亡者数が欧米より少ない｣はミスリード	https://infact.press/2020/07/post-6904/	Misleading	4:No, definetely	-	3.Misleading	1.Flattery	3.Propaganda	2.33	6.Prejudice against national and racial
100	[FactCheck] 米大統領選 複数の激戦州で ｢投票率100％超｣との誤情報拡散	https://infact.press/2020/11/post-9674/	False	3:No, probably	-	1.Trusting other sources	3.Neither/No such intention	4.No purpose/Unknown	2.67	7.Conspiracy theory
101	新型肺炎でデマ拡散「中国人が関空から病院に搬送、検査前に逃走した」は事実無根「USJと京都に向かった」と広がる	https://www.buzzfeed.com/jp/kotahatachi/unknown-cause-china	Unknown-Evidence	3:No, probably	-	3.Misleading	3.Neither/No such intention	4.No purpose/Unknown	3.67	2:Confusion and anxiety about society
102	「日本の高校生全員にワクチン、50人が死亡か半身不随などの副作用に」は誤り。大学教授の発信、YouTubeで30万回再生	https://www.buzzfeed.com/jp/kotahatachi/vakzin-fc-1	False	3:No, probably	-	2:Inadequate understanding	2.Denigration	3.Propaganda	2.67	5.Health
103	新型コロナウイルスで「北京封鎖」はミスリード。日本のメディアが報じない事実として拡散	https://www.buzzfeed.com/jp/yutochiba/coronavirus-beijing-fact-check	Misleading	4:No, definetely	-	3.Misleading	2.Denigration	4.No purpose/Unknown	2.00	6.Prejudice against national and racial
104	[参院選FactCheck] 松井維新代表の「大阪は幼稚園、保育園の無償化を実現している」発言は「不正確」	https://infact.press/2019/07/post-2378/	Inaccurate	3:No, probably	-	3.Misleading	1.Flattery	3.Propaganda	1.33	4.Threat correct understanding of politics and social events
105	「バイデン氏の会見は合成」「バーチャル大統領」陰謀論が日米でまた拡散、発端は“目の錯覚“か	https://www.buzzfeed.com/jp/kotahatachi/biden-green	False	4:No, definetely	-	2:Inadequate understanding	2.Denigration	4.No purpose/Unknown	1.33	3.Threat honor and trust in people, company and good
106	「都構想で図書館廃止」は誤り	https://www.sankei.com/article/20201016-6NC7EEXPFRJF7FTNG5QV6KT57E/	False	4:No, definetely	-	3.Misleading	2.Denigration	4.No purpose/Unknown	3.00	4.Threat correct understanding of politics and social events
107	[FactCheck] 菅官房長官｢反社会的勢力の定義は定まっていない｣は不正確	https://infact.press/2019/11/post-4060/	Inaccurate	3:No, probably	-	2:Inadequate understanding	3.Neither/No such intention	2.Partisan	1.33	4.Threat correct understanding of politics and social events
108	「イラン軍がアメリカのドローンと交戦」動画が拡散、実際は…	https://www.buzzfeed.com/jp/kotahatachi/us-iran	Pants-on-Fire	2:Yes, probably	2.Manipulated image	-	1.Flattery	4.No purpose/Unknown	1.00	3.Threat honor and trust in people, company and good
109	[新型コロナFactCheck] 東京のPCR検査数 ｢5月19日はたった48人｣は誤情報　実際は｢975人｣	https://infact.press/2020/05/post-6118/	False	4:No, definetely	-	2:Inadequate understanding	2.Denigration	4.No purpose/Unknown	2.67	4.Threat correct understanding of politics and social events
110	オーストラリア火災で拡散「NASAの衛星写真」は誤り。SNSでは10年前の写真も広がる	https://www.buzzfeed.com/jp/kotahatachi/australia-nasa	False	3:No, probably	-	1.Trusting other sources	3.Neither/No such intention	4.No purpose/Unknown	1.33	2:Confusion and anxiety about society
111	オーストラリア火災で拡散「NASAの衛星写真」は誤り。SNSでは10年前の写真も広がる	https://www.buzzfeed.com/jp/kotahatachi/australia-nasa	False	3:No, probably	-	2:Inadequate understanding	3.Neither/No such intention	4.No purpose/Unknown	1.33	2:Confusion and anxiety about society
112	[新型コロナFactCheck] ｢アベノマスクの不良品たったの12枚｣はミスリード 妊婦向けは4万7千枚	https://infact.press/2020/06/post-6193/	Misleading	4:No, definetely	-	3.Misleading	2.Denigration	2.Partisan	2.00	3.Threat honor and trust in people, company and good
113	「国会議員や公務員の給与は増額、生活保護費は減額」は不正確。「国民の平均所得を参考」と拡散したが…	https://www.buzzfeed.com/jp/kotahatachi/gengaku-zogaku	Inaccurate	3:No, probably	-	2:Inadequate understanding	2.Denigration	2.Partisan	1.67	4.Threat correct understanding of politics and social events
114	中村哲さんの追悼式典「日本政府関係者の姿はなかった」は誤り　アフガニスタンの空港で	https://www.buzzfeed.com/jp/kotahatachi/rip-dr-nakamura	False	3:No, probably	-	2:Inadequate understanding	2.Denigration	4.No purpose/Unknown	1.33	3.Threat honor and trust in people, company and good
115	コスト１３４０億円「不正確」	https://www.sankei.com/article/20201029-PTIANYCUQJKO7PAAHSDONS7P6Y/	Inaccurate	4:No, definetely	-	3.Misleading	2.Denigration	4.No purpose/Unknown	2.00	4.Threat correct understanding of politics and social events
116	学術会議が「レジ袋有料化を提言」は誤り。ネット上で拡散、実際の内容は？	https://www.buzzfeed.com/jp/kotahatachi/gakujutukaigi3	False	3:No, probably	-	3.Misleading	2.Denigration	2.Partisan	3.00	3.Threat honor and trust in people, company and good
117	[FactCheck] 立花氏主張｢NHKの人件費は年々増額｣は不正確 〜検証・参院埼玉補選	https://infact.press/2019/10/post-3662/	Inaccurate	3:No, probably	-	2:Inadequate understanding	2.Denigration	4.No purpose/Unknown	2.00	3.Threat honor and trust in people, company and good
118	Go Toトラベル利用者の方が、新型コロナウイルス感染症を示唆する症状をより多く経験していることが明らかに	http://www.nposfss.com/cat3/fact/go_to_travel.html	Inaccurate	4:No, definetely	-	3.Misleading	2.Denigration	4.No purpose/Unknown	1.50	2:Confusion and anxiety about society
119	[FactCheck]「プーチンがソチに持っている邸宅」の画像は誤り 実在しないアート作品だった	https://infact.press/2021/04/post-11148/	False	3:No, probably	-	1.Trusting other sources	3.Neither/No such intention	1.Satire/Parody	1.00	1.Harmless (e.g., Satire / Parody)
120	「ニキビの位置で体の不調がわかる」と図が拡散。専門医「全くの都市伝説」	https://www.buzzfeed.com/jp/harunayamazaki/nikibi-map	False	4:No, definetely	-	1.Trusting other sources	3.Neither/No such intention	4.No purpose/Unknown	2.00	5.Health
121	出産費用「今でもゼロに近い」は不正確　支給される一時金42万円では足りない	https://mainichi.jp/articles/20200912/k00/00m/040/308000c	Inaccurate	4:No, definetely	-	2:Inadequate understanding	3.Neither/No such intention	4.No purpose/Unknown	1.33	2:Confusion and anxiety about society
122	5年前のデマ画像が再びネットで拡散　島根大学医学部についてのビラは事実無根	https://www.buzzfeed.com/jp/kensukeseya/shimane-university-fc	False	3:No, probably	-	1.Trusting other sources	3.Neither/No such intention	4.No purpose/Unknown	3.00	3.Threat honor and trust in people, company and good
123	新型コロナ検査キット「中共ウイルス付着」情報の誤り「中国より発送」と拡散	https://www.buzzfeed.com/jp/kensukeseya/corona-ch-fc1	False	3:No, probably	-	1.Trusting other sources	2.Denigration	3.Propaganda	3.00	6.Prejudice against national and racial
124	「ベトナム人女性をレイプし、切断して楽しむ韓国兵たち」拡散した写真、フェイクの説明を後付けか	https://www.buzzfeed.com/jp/kotahatachi/vietnam	Pants-on-Fire	3:No, probably	-	1.Trusting other sources	2.Denigration	3.Propaganda	2.67	6.Prejudice against national and racial
125	GoTo人件費「日当」はミスリード。4万円、7万円は「高額」と批判されるが…	https://www.buzzfeed.com/jp/kotahatachi/goto-nitto	Misleading	3:No, probably	-	3.Misleading	2.Denigration	2.Partisan	1.33	4.Threat correct understanding of politics and social events
126	[FactCheck] 桜を見る会 ｢行政処分を受けている人が招かれていた｣は不正確	https://infact.press/2019/11/post-4022/	Inaccurate	4:No, definetely	-	2:Inadequate understanding	2.Denigration	2.Partisan	1.67	3.Threat honor and trust in people, company and good
127	[新型肺炎FactCheck] ｢(日本の判断で)邦人感染者のチャーター便搭乗を拒否｣は誤り	https://infact.press/2020/02/post-4719/	False	4:No, definetely	-	2:Inadequate understanding	2.Denigration	4.No purpose/Unknown	1.67	4.Threat correct understanding of politics and social events
128	[新型肺炎FactCheck] 台湾の報道を｢患者の多くの肺が線維化｣と誤訳した情報が拡散	https://infact.press/2020/04/post-5384/	False	4:No, definetely	-	2:Inadequate understanding	3.Neither/No such intention	4.No purpose/Unknown	3.00	5.Health
129	新型コロナウイルスで「東京オリンピック中止か」はミスリード。組織委員会は「中止は検討しておりません」と回答	https://www.buzzfeed.com/jp/yutochiba/coronavirus-tokyo-olympics	Misleading	3:No, probably	-	3.Misleading	3.Neither/No such intention	4.No purpose/Unknown	2.00	2:Confusion and anxiety about society
130	米大統領選「不正の証拠サーバー押収」は誤り　企業・米陸軍も否定	https://mainichi.jp/articles/20201116/k00/00m/030/291000c	False	3:No, probably	-	1.Trusting other sources	2.Denigration	4.No purpose/Unknown	2.00	2:Confusion and anxiety about society
131	バイデン氏が「最大規模の不正投票組織を用意した」？ 拡散した動画は切り取り、ミスリードに注意	https://www.buzzfeed.com/jp/saoriibuki/biden-voter-fraud-organization	Misleading	3:No, probably	-	1.Trusting other sources	2.Denigration	2.Partisan	2.33	3.Threat honor and trust in people, company and good
132	「台湾軍が中国軍機にミサイル発射」YouTube動画で「マスコミが報じない」と誤情報が拡散、60万再生超える	https://www.buzzfeed.com/jp/kotahatachi/taiwan-missile	False	3:No, probably	-	2:Inadequate understanding	1.Flattery	4.No purpose/Unknown	2.33	6.Prejudice against national and racial
133	[FactCheck]「同意なく『眠っている又は意識なし』の人と性行為した場合は犯罪にならない」は誤り	https://infact.press/2021/04/post-11518/	False	4:No, definetely	-	2:Inadequate understanding	3.Neither/No such intention	4.No purpose/Unknown	2.33	4.Threat correct understanding of politics and social events
134	杉田議員を批判した橋本聖子氏の発言「事務所が否定」は誤り。「女性はいくらでも嘘」発言めぐり拡散	https://www.buzzfeed.com/jp/kotahatachi/hashimoto-sugita	False	3:No, probably	-	3.Misleading	2.Denigration	4.No purpose/Unknown	3.00	3.Threat honor and trust in people, company and good
135	アメリカ、イギリスの「学者団体には税金は投入されていない」は誤り。日本学術会議をめぐり、橋下徹氏の発言が拡散	https://www.buzzfeed.com/jp/yutochiba/gakujutukaigi-fact-check-2	False	3:No, probably	-	2:Inadequate understanding	2.Denigration	4.No purpose/Unknown	2.00	3.Threat honor and trust in people, company and good
136	コロナワクチン接種の医師「全身から出血で死亡」は虚偽。「エボラの症状」と不安を煽る情報が拡散	https://www.buzzfeed.com/jp/kotahatachi/vaccine-debunk	Pants-on-Fire	1:Yes, definitely	1:Fabricated content	-	2.Denigration	3.Propaganda	3.67	2:Confusion and anxiety about society
137	731部隊の戦争証言に「嘘は明白」？ 誤った指摘が拡散「大学卒のみの採用」→「少年隊が存在」	https://www.buzzfeed.com/jp/kotahatachi/731	False	4:No, definetely	-	2:Inadequate understanding	2.Denigration	4.No purpose/Unknown	2.67	3.Threat honor and trust in people, company and good
138	日本学術会議が「中国の軍事研究に参加」「千人計画に協力」は根拠不明。「反日組織」と拡散したが…	https://www.buzzfeed.com/jp/kotahatachi/thousand-talents-plan	Unknown-Evidence	2:Yes, probably	1:Fabricated content	-	2.Denigration	2.Partisan	3.00	3.Threat honor and trust in people, company and good
139	「バイデン氏のペンシルベニア州当確取り下げ」は誤り 元NY市長ら拡散後、訂正	https://mainichi.jp/articles/20201111/k00/00m/030/083000c	False	4:No, definetely	-	1.Trusting other sources	3.Neither/No such intention	2.Partisan	2.33	3.Threat honor and trust in people, company and good
140	「大手新聞社はどこも報じない」 立憲・石垣議員への批判殺到を受けて拡散した誤情報は...	https://www.buzzfeed.com/jp/kensukeseya/ishigaki-fc	False	3:No, probably	-	2:Inadequate understanding	2.Denigration	2.Partisan	3.67	3.Threat honor and trust in people, company and good
141	[FactCheck] 8月の自殺者数 ｢男性の3倍の女性が命を断つ｣は不正確	https://infact.press/2020/09/post-8455/	Inaccurate	4:No, definetely	-	2:Inadequate understanding	3.Neither/No such intention	4.No purpose/Unknown	1.67	2:Confusion and anxiety about society
142	大江戸線の集団感染「洗面所の蛇口が原因か」はミスリード。専門家も「考えづらい」と指摘	https://www.buzzfeed.com/jp/kotahatachi/metro-tokyo	Misleading	4:No, definetely	-	3.Misleading	3.Neither/No such intention	4.No purpose/Unknown	1.67	2:Confusion and anxiety about society
143	[FactCheck] バイデン大統領就任後、カリフォルニア州で11歳以上の未成年者との性行為が合法化？　誤った情報が拡散	https://infact.press/2021/04/post-10957/	False	2:Yes, probably	4.False context	-	2.Denigration	2.Partisan	2.33	3.Threat honor and trust in people, company and good
144	[FactCheck] 伊是名夏子氏「パンを盗んで子供に分け与えた」は実在しない架空の発言	https://infact.press/2021/05/post-11590/	False	4:No, definetely	-	2:Inadequate understanding	2.Denigration	4.No purpose/Unknown	3.00	3.Threat honor and trust in people, company and good
145	「ロス国際空港で中国からの2万人分の偽造免許証を押収」は不正確、「この犯行は米大統領選の操作が目的」は根拠不明。ネットで拡散	https://wasegg.com/archives/2903	Inaccurate	3:No, probably	-	1.Trusting other sources	2.Denigration	4.No purpose/Unknown	1.67	6.Prejudice against national and racial
146	聖火リレー「一般人の撮影動画、SNSアップ禁止」と拡散したのは去年の記事、いまは問題なし。ただし会場は…	https://www.buzzfeed.com/jp/kotahatachi/ioc-movie-photo	Misleading	4:No, definetely	-	3.Misleading	3.Neither/No such intention	4.No purpose/Unknown	2.00	2:Confusion and anxiety about society
147	[新型肺炎FactCheck] 感染リスク2位が日本になったのは｢入国規制しないため｣は誤り	https://infact.press/2020/02/post-4753/	False	3:No, probably	-	2:Inadequate understanding	2.Denigration	2.Partisan	2.00	3.Threat honor and trust in people, company and good
148	民主党政権が「健康保険が外国人に悪用される原因を作った」は誤り。新型コロナウイルスめぐり拡散	https://www.buzzfeed.com/jp/kotahatachi/noganisarerugaharikoronauirusunisi	False	3:No, probably	-	2:Inadequate understanding	2.Denigration	2.Partisan	3.00	4.Threat correct understanding of politics and social events
149	「生活保護の最低額は月額29万円」は不正確　実態は世帯ごとに異なる支給額	https://mainichi.jp/articles/20200910/k00/00m/040/255000c	Inaccurate	4:No, definetely	-	2:Inadequate understanding	3.Neither/No such intention	4.No purpose/Unknown	2.67	4.Threat correct understanding of politics and social events
150	新型コロナ「エアロゾル感染を確認。要するに空気感染」は誤り。ネットで不安と誤解が拡散	https://www.buzzfeed.com/jp/kotahatachi/unknown-cause-china-10	False	3:No, probably	-	2:Inadequate understanding	3.Neither/No such intention	4.No purpose/Unknown	3.00	2:Confusion and anxiety about society
151	[参院選FactCheck] 検証 消費税(2) 増税分の84%は使途不明か？	https://infact.press/2019/07/post-2452/	Inaccurate	3:No, probably	-	2:Inadequate understanding	2.Denigration	2.Partisan	1.33	4.Threat correct understanding of politics and social events
152	安倍首相と会食のランサーズ　HPに「25日時点で内閣府の文字があった」は誤り	https://www.buzzfeed.com/jp/kensukeseya/tonoransazuhpni25denogattahari	False	3:No, probably	-	1.Trusting other sources	2.Denigration	2.Partisan	2.67	3.Threat honor and trust in people, company and good
153	【Fact Check】トランプ氏、朝日記者に「左翼」と発言→根拠不明	https://japan-indepth.jp/?p=47754	Unknown-Evidence	4:No, definetely	-	2:Inadequate understanding	2.Denigration	2.Partisan	2.33	3.Threat honor and trust in people, company and good
154	「投票機企業がトランプ票削除」 「バイデンチーム一員が社長の企業がソフト提供」は誤り	https://mainichi.jp/articles/20201119/k00/00m/030/233000c	False	3:No, probably	-	1.Trusting other sources	2.Denigration	2.Partisan	2.00	3.Threat honor and trust in people, company and good
155	[新型肺炎FactCheck] 日本が物資支援するも｢中国が何かしてくれたことはない｣は誤り	https://infact.press/2020/01/post-4688/	False	4:No, definetely	-	3.Misleading	2.Denigration	3.Propaganda	1.33	6.Prejudice against national and racial
156	「来月から国会議員の月給が100万円→120万円に引き上げ」は誤り　ネットで拡散	https://www.buzzfeed.com/jp/kotahatachi/fact-checking-saninsen	False	3:No, probably	-	2:Inadequate understanding	2.Denigration	3.Propaganda	1.33	4.Threat correct understanding of politics and social events
157	[FactCheck] 上田氏主張｢県の借金減らした｣はミスリード 〜検証・参院埼玉補選	https://infact.press/2019/10/post-3671/	Misleading	3:No, probably	-	3.Misleading	1.Flattery	4.No purpose/Unknown	0.67	4.Threat correct understanding of politics and social events
158	「国防費より男女平等に多くの税金」は本当か？ 拡散した「男女共同参画費8兆円」の情報はミスリード	https://www.buzzfeed.com/jp/kotahatachi/5-8	Misleading	4:No, definetely	-	3.Misleading	2.Denigration	3.Propaganda	2.67	4.Threat correct understanding of politics and social events
159	「国防費より男女平等に多くの税金」は本当か？ 拡散した「男女共同参画費8兆円」の情報はミスリード	https://www.buzzfeed.com/jp/kotahatachi/5-8	Misleading	4:No, definetely	-	3.Misleading	2.Denigration	3.Propaganda	2.33	4.Threat correct understanding of politics and social events
160	「国防費より男女平等に多くの税金」は本当か？ 拡散した「男女共同参画費8兆円」の情報はミスリード	https://www.buzzfeed.com/jp/kotahatachi/5-8	Misleading	4:No, definetely	-	3.Misleading	2.Denigration	3.Propaganda	3.00	4.Threat correct understanding of politics and social events
161	[FactCheck] ｢台風の最中､国会議員給料アップを閣議決定｣は本当か?	https://infact.press/2019/10/post-3586/	Inaccurate	4:No, definetely	-	2:Inadequate understanding	2.Denigration	4.No purpose/Unknown	1.67	4.Threat correct understanding of politics and social events
162	[FactCheck] 「閉じ込められたウイグル人の児童」は誤り 撮影場所は自宅 「捨てられた書物」も別の国での撮影	https://infact.press/2021/03/post-10752/	False	2:Yes, probably	4.False context	-	3.Neither/No such intention	4.No purpose/Unknown	2.00	6.Prejudice against national and racial
163	「学術会議がレジ袋有料化を提唱」ツイートは不正確　提言はプラごみ削減	https://mainichi.jp/articles/20201014/k00/00m/040/159000c	Inaccurate	3:No, probably	-	2:Inadequate understanding	2.Denigration	4.No purpose/Unknown	2.67	3.Threat honor and trust in people, company and good
164	新型コロナ：マスクによる飛沫感染リスク低減率⇒「根拠不明」～SFSSがマスク着用の感染リスク低減効果をファクトチェック！～	http://www.nposfss.com/cat3/fact/covid19_lisk.html	Unknown-Evidence	3:No, probably	-	1.Trusting other sources	3.Neither/No such intention	3.Propaganda	2.67	5.Health
165	「ワクチン副作用は補償なし」ツイート拡散　実は不正確	https://mainichi.jp/articles/20210527/k00/00m/040/261000c	Inaccurate	4:No, definetely	-	2:Inadequate understanding	2.Denigration	3.Propaganda	4.00	2:Confusion and anxiety about society
166	[新型コロナFactCheck] ｢日本政府が外国人観光客の旅費半額を補助｣は不正確　海外でも拡散	https://infact.press/2020/07/post-6996/	Inaccurate	3:No, probably	-	2:Inadequate understanding	3.Neither/No such intention	4.No purpose/Unknown	1.33	4.Threat correct understanding of politics and social events
167	「新型コロナ感染者、ほとんどが外国人」は誤り。元東大特任准教授らがグラフ拡散	https://www.buzzfeed.com/jp/kotahatachi/20per-japan-2	False	3:No, probably	-	2:Inadequate understanding	2.Denigration	3.Propaganda	2.33	6.Prejudice against national and racial
168	「新型コロナ感染者、ほとんどが外国人」は誤り。元東大特任准教授らがグラフ拡散	https://www.buzzfeed.com/jp/kotahatachi/20per-japan-2	False	3:No, probably	-	2:Inadequate understanding	2.Denigration	3.Propaganda	2.67	6.Prejudice against national and racial
169	[コロナの時代] ファクトチェック：ファイザー社製のワクチン接種と日本人女性の死亡を関連付ける言説は根拠不明	https://infact.press/2021/03/post-10806/	Unknown-Evidence	3:No, probably	-	3.Misleading	2.Denigration	3.Propaganda	1.33	2:Confusion and anxiety about society
170	「暴徒はアンティファ、顔認証で確認」は「誤り」。開発会社が抗議→記事訂正・謝罪	https://www.buzzfeed.com/jp/harunayamazaki/facial-recognition-antifa-washington-times-false-1	False	4:No, definetely	-	1.Trusting other sources	3.Neither/No such intention	4.No purpose/Unknown	2.67	3.Threat honor and trust in people, company and good
171	生活保護「菅義偉は簡単に言うがハードルが高い」と拡散の情報は不正確。首相の発言めぐり	https://www.buzzfeed.com/jp/kotahatachi/seikatsu-hogo	False	4:No, definetely	-	2:Inadequate understanding	3.Neither/No such intention	4.No purpose/Unknown	2.33	4.Threat correct understanding of politics and social events
172	「野党議員は自宅待機　自民党議員は無症状即入院」ツイートは不正確	https://mainichi.jp/articles/20210126/k00/00m/040/034000c	Inaccurate	3:No, probably	-	2:Inadequate understanding	2.Denigration	2.Partisan	3.33	3.Threat honor and trust in people, company and good
173	10秒息を我慢できれば…　LINEで拡散した、コロナ感染の見分け方は誤り	https://www.buzzfeed.com/jp/yutochiba/hold-your-breath-for-10-seconds-myth	False	3:No, probably	-	1.Trusting other sources	3.Neither/No such intention	4.No purpose/Unknown	2.00	5.Health
174	[新型肺炎FactCheck] ｢スイス製検査キットを日本政府は頑なに導入しない｣は誤り	https://infact.press/2020/03/post-5006/	False	3:No, probably	-	2:Inadequate understanding	2.Denigration	3.Propaganda	2.33	4.Threat correct understanding of politics and social events
175	[コロナの時代]ファクトチェック： ｢PCR法を開発してノーベル賞を取った人が『ウイルスの特定にはふさわしくない』と言った｣は本当か？	https://infact.press/2020/08/post-7398/	Unknown-Evidence	4:No, definetely	-	2:Inadequate understanding	2.Denigration	3.Propaganda	2.67	5.Health
176	[新型肺炎FactCheck] ｢知事が東京マラソンの中国人参加自粛を要請｣報道は不正確	https://infact.press/2020/02/post-4803/	Inaccurate	4:No, definetely	-	2:Inadequate understanding	2.Denigration	3.Propaganda	2.00	6.Prejudice against national and racial
177	安倍内閣の支持率「岩手民報は3％」拡散した各紙のデータ、ほとんどが不正確	https://www.buzzfeed.com/jp/kotahatachi/anataha-abeseikenwo-shijisimasuka	Inaccurate	2:Yes, probably	1:Fabricated content	-	2.Denigration	2.Partisan	2.00	4.Threat correct understanding of politics and social events
178	「警察官1万人に1人が黒人に射殺」は根拠不明　警官殉職の加害者は白人多く	https://mainichi.jp/articles/20200905/k00/00m/030/143000c	Unknown-Evidence	4:No, definetely	-	2:Inadequate understanding	2.Denigration	4.No purpose/Unknown	3.33	6.Prejudice against national and racial
179	学術会議問題　菅首相の発言「1949年から推薦で会員選出」は不正確	https://mainichi.jp/articles/20201205/k00/00m/010/114000c	Inaccurate	3:No, probably	-	2:Inadequate understanding	3.Neither/No such intention	4.No purpose/Unknown	2.67	3.Threat honor and trust in people, company and good
180	「与謝野晶子がスペイン風邪で子どもを亡くした」は誤り。新型コロナで拡散したが…	https://www.buzzfeed.com/jp/kotahatachi/spain-flu	False	4:No, definetely	-	2:Inadequate understanding	3.Neither/No such intention	4.No purpose/Unknown	1.67	3.Threat honor and trust in people, company and good
181	[コロナの時代]ファクトチェック： ｢都市封鎖の東京に鹿｣ アルジャジーラが誤報	https://infact.press/2020/04/post-5768/	False	4:No, definetely	-	1.Trusting other sources	3.Neither/No such intention	4.No purpose/Unknown	2.00	1.Harmless (e.g., Satire / Parody)
182	【コロナの時代】FactCheck:「台湾で認可・承認されているワクチンはアストラゼネカ製のみ」は誤り　発信者は訂正済	https://infact.press/2021/06/post-12479/	False	4:No, definetely	-	2:Inadequate understanding	3.Neither/No such intention	4.No purpose/Unknown	1.67	3.Threat honor and trust in people, company and good
183	「野党が口頭で国会開催を要求」「正当なプロセスを踏んでいない」は誤り、ネットで拡散	https://www.buzzfeed.com/jp/kotahatachi/52-3	False	3:No, probably	-	2:Inadequate understanding	2.Denigration	2.Partisan	3.33	4.Threat correct understanding of politics and social events
184	[コロナの時代]ファクトチェック： 専門家会議副座長の発言｢PCR検査が多い国の方が死亡数が多い｣は不正確	https://infact.press/2020/05/post-6080/	Inaccurate	3:No, probably	-	2:Inadequate understanding	3.Neither/No such intention	4.No purpose/Unknown	2.33	3.Threat honor and trust in people, company and good
185	[FactCheck]室井佑月氏が「社会的に問題になろうが、知ったこっちゃない」とデマを肯定? 発言の一部を切り取ったツイートが拡散	https://infact.press/2021/04/post-11334/	Misleading	3:No, probably	-	3.Misleading	2.Denigration	4.No purpose/Unknown	3.00	3.Threat honor and trust in people, company and good
186	[新型コロナFactCheck] LINEの調査で｢日本の感染者は公表の10倍以上｣ 中国で誤情報拡散	https://infact.press/2020/05/post-5786/	False	3:No, probably	-	3.Misleading	2.Denigration	4.No purpose/Unknown	1.33	6.Prejudice against national and racial
187	[新型コロナFactCheck] ｢PCR検査は風邪も検出｣と誤った主張の動画が拡散	https://infact.press/2020/06/post-6304/	False	3:No, probably	-	2:Inadequate understanding	2.Denigration	3.Propaganda	2.00	3.Threat honor and trust in people, company and good
188	「武漢から帰国した議員が検査拒否→コロナウイルスに感染」は誤り。「殺しに行こう」の書き込みも	https://www.buzzfeed.com/jp/kotahatachi/unknown-cause-china-8	False	4:No, definetely	-	2:Inadequate understanding	2.Denigration	4.No purpose/Unknown	2.00	3.Threat honor and trust in people, company and good
189	旭川の病院「中国人の入院で医療崩壊」は誤り。「観光バスで40人ずつ受け入れ」などと拡散	https://www.buzzfeed.com/jp/kotahatachi/asahikawa-debunk	False	4:No, definetely	-	2:Inadequate understanding	2.Denigration	3.Propaganda	3.00	6.Prejudice against national and racial
190	「夜の街クラスター」の正体は安倍政権批判の"デモ"との誤情報拡散、添えられた映像は...	https://www.buzzfeed.com/jp/kensukeseya/fc-yoru-1	False	3:No, probably	-	1.Trusting other sources	2.Denigration	2.Partisan	3.33	3.Threat honor and trust in people, company and good
191	[FactCheck] 安倍首相の被災者慰問 スタジオ撮影偽写真が拡散､台湾でも話題に	https://infact.press/2020/03/post-5303/	Pants-on-Fire	1:Yes, definitely	2.Manipulated image	-	2.Denigration	2.Partisan	3.33	3.Threat honor and trust in people, company and good
192	[新型コロナFactCheck] ｢(5月11日)東京は病床がひっ迫 使用率8割超え｣NHKが誤報 実際は5割未満	https://infact.press/2020/05/post-6025/	False	4:No, definetely	-	2:Inadequate understanding	3.Neither/No such intention	4.No purpose/Unknown	1.33	2:Confusion and anxiety about society
193	NHK中国語版が「日本新型コロナウイルス」と報じた→誤り。国会議員らが指摘したが…	https://www.buzzfeed.com/jp/kotahatachi/unknown-cause-china-20	False	4:No, definetely	-	2:Inadequate understanding	2.Denigration	3.Propaganda	2.33	3.Threat honor and trust in people, company and good
194	新型コロナワクチン、「感染予防効果なし」は誤り。ワクチンの効果、副反応について専門家に聞きました	https://www.buzzfeed.com/jp/yutochiba/covid-19-vaccine	False	4:No, definetely	-	2:Inadequate understanding	2.Denigration	3.Propaganda	3.67	5.Health
195	「事業仕分けで4学会廃止」は誤り　拡散したアカウントの対応は	https://mainichi.jp/articles/20210406/k00/00m/010/020000c	False	1:Yes, definitely	1:Fabricated content	-	2.Denigration	2.Partisan	3.00	3.Threat honor and trust in people, company and good
196	米大統領選「トランプの票を大量に廃棄、埋めた」は誤り。拡散された画像はどれも別のニュースからの切り取り	https://www.buzzfeed.com/jp/yutochiba/2020-election-factcheck-2	False	1:Yes, definitely	2.Manipulated image	-	1.Flattery	2.Partisan	2.00	7.Conspiracy theory
197	「ソーシャルディスタンスは不要」WHOの方針転換と世界で拡散→誤り	https://www.buzzfeed.com/jp/kensukeseya/covid-who-fc	False	4:No, definetely	-	1.Trusting other sources	2.Denigration	3.Propaganda	1.33	2:Confusion and anxiety about society
198	[新型コロナFactCheck] ｢4月だけで中国から3000人が特別入国｣との誤情報 動画で拡散	https://infact.press/2020/05/post-5966/	False	4:No, definetely	-	2:Inadequate understanding	3.Neither/No such intention	4.No purpose/Unknown	2.67	6.Prejudice against national and racial
199	玉城知事の訪韓「首里城より韓国」はミスリード。帰国後にまとめサイトが拡散	https://www.buzzfeed.com/jp/kotahatachi/shuri-castle	Misleading	3:No, probably	-	3.Misleading	2.Denigration	4.No purpose/Unknown	2.33	3.Threat honor and trust in people, company and good
200	[新型コロナFactCheck] ｢感染対策に緑茶が有効｣は根拠不明 査読前論文の未確定情報が拡散	https://infact.press/2020/04/post-5664/	Unknown-Evidence	4:No, definetely	-	2:Inadequate understanding	3.Neither/No such intention	4.No purpose/Unknown	2.33	5.Health
201	あいちトリエンナーレに「安倍首相と菅官房長官の口をヒールで踏む作品」は誤り	https://www.buzzfeed.com/jp/kensukeseya/aichi-1	False	3:No, probably	-	2:Inadequate understanding	2.Denigration	4.No purpose/Unknown	2.00	3.Threat honor and trust in people, company and good
202	[FactCheck] 「川崎市役所は400人が朝鮮人」は根拠不明	https://infact.press/2021/06/post-12229/	Unknown-Evidence	2:Yes, probably	1:Fabricated content	-	2.Denigration	3.Propaganda	2.33	6.Prejudice against national and racial
203	大江健三郎氏の「電気はいらない！」プラカード写真はフェイク画像　ツイッターで拡散	https://mainichi.jp/articles/20210128/k00/00m/040/146000c	Pants-on-Fire	1:Yes, definitely	2.Manipulated image	-	2.Denigration	4.No purpose/Unknown	3.00	3.Threat honor and trust in people, company and good
204	桜を見る会「鳩山首相が例年より相当多く呼び、1万人の大台に乗った」は誤り	https://www.buzzfeed.com/jp/kotahatachi/sakura-sakura	False	3:No, probably	-	2:Inadequate understanding	2.Denigration	2.Partisan	1.33	4.Threat correct understanding of politics and social events
205	桜を見る会「鳩山首相が例年より相当多く呼び、1万人の大台に乗った」は誤り	https://www.buzzfeed.com/jp/kotahatachi/sakura-sakura	False	2:Yes, probably	2:Manipulated text	-	2.Denigration	2.Partisan	2.00	4.Threat correct understanding of politics and social events
206	ツイッター社「ワクチンに関する批判投稿を削除」は誤り	https://mainichi.jp/articles/20210531/k00/00m/040/097000c	False	3:No, probably	-	2:Inadequate understanding	2.Denigration	3.Propaganda	3.00	3.Threat honor and trust in people, company and good
207	[FactCheck]「ボウリングをする機械」動画はミスリード 実際はCGによる合成	https://infact.press/2021/04/post-11142/	Misleading	2:Yes, probably	2.Manipulated image	-	3.Neither/No such intention	1.Satire/Parody	1.00	1.Harmless (e.g., Satire / Parody)
208	コロナ感染者の個人情報誤掲載 「最高責任者の大村愛知県知事からの詫びは一切ありません」は誤り	https://wasegg.com/archives/2973	False	3:No, probably	-	2:Inadequate understanding	2.Denigration	4.No purpose/Unknown	3.00	3.Threat honor and trust in people, company and good
209	[FactCheck] 首里城を管理する財団 ｢沖縄県が設立｣は不正確	https://infact.press/2019/11/post-3815/	Inaccurate	3:No, probably	-	2:Inadequate understanding	2.Denigration	4.No purpose/Unknown	1.67	3.Threat honor and trust in people, company and good
210	学術会議、中国との活動「覚書どおりに開催」は誤り	https://mainichi.jp/articles/20201017/k00/00m/010/110000c	False	3:No, probably	-	2:Inadequate understanding	2.Denigration	2.Partisan	3.00	3.Threat honor and trust in people, company and good
211	[FactCheck] コカ・コーラがノーマスクで聖火リレー？ 実際は1年前に撮影された写真	https://infact.press/2021/04/post-11077/	Misleading	4:No, definetely	-	3.Misleading	2.Denigration	4.No purpose/Unknown	3.00	3.Threat honor and trust in people, company and good
212	「WHOが日本のコロナ終息を確認。安倍総理の対応を絶賛」拡散したニュース動画は過去のもの、ミスリードに注意	https://www.buzzfeed.com/jp/kotahatachi/who-tedros-abe	Misleading	3:No, probably	-	2:Inadequate understanding	1.Flattery	2.Partisan	3.00	7.Conspiracy theory
213	「CNNがトランプ大統領再選の可能性を報じた」はミスリード。“パニック放送”と拡散したが…	https://www.buzzfeed.com/jp/kotahatachi/gateway-pundit	Misleading	3:No, probably	-	2:Inadequate understanding	3.Neither/No such intention	2.Partisan	2.00	4.Threat correct understanding of politics and social events
214	[新型コロナFactCheck] 「NYタイムズがPCR陽性の9割は誤診と報道｣は誤り 曲解された米国の情報が拡散	https://infact.press/2020/10/post-8617/	False	4:No, definetely	-	1.Trusting other sources	3.Neither/No such intention	3.Propaganda	3.33	5.Health
215	[新型コロナFactCheck] 緊急事態宣言で｢知事に強制的ロックダウンの権限付与｣との米報道は誤り	https://infact.press/2020/04/post-5544/	False	4:No, definetely	-	2:Inadequate understanding	3.Neither/No such intention	4.No purpose/Unknown	1.33	4.Threat correct understanding of politics and social events
216	国内の新型コロナ感染者「3分の1が外国籍」は誤り。グラフが拡散、厚労省の見解は	https://www.buzzfeed.com/jp/kotahatachi/unknown-cause-china-21	False	3:No, probably	-	2:Inadequate understanding	2.Denigration	4.No purpose/Unknown	3.67	6.Prejudice against national and racial
217	中国・武漢市民による市封鎖までの「移動した痕跡を元にマップ化」は誤り　新型コロナめぐり拡散	https://www.buzzfeed.com/jp/kensukeseya/coronavirus-map	False	3:No, probably	-	3.Misleading	3.Neither/No such intention	4.No purpose/Unknown	2.33	2:Confusion and anxiety about society
218	「学術会議で6年働けば、学士院で死ぬまで年金250万円」は誤り。フジテレビで放送、ネットで拡散	https://www.buzzfeed.com/jp/kotahatachi/de6kutode250onumademoraeruharihuziterebiganettode	False	3:No, probably	-	1.Trusting other sources	2.Denigration	4.No purpose/Unknown	2.67	3.Threat honor and trust in people, company and good
219	[FactCheck]｢福岡市が中国公務員800人受入れ発表｣→8年前の記事が拡散､実際は受入れ中止	https://infact.press/2020/09/post-8428/	Misleading	4:No, definetely	-	2:Inadequate understanding	2.Denigration	4.No purpose/Unknown	2.67	6.Prejudice against national and racial
220	[Factcheck] 立憲・小西洋之議員「ワクチンが余った時の対応の指針を今ごろ」は不正確 指針は以前から存在	https://infact.press/2021/06/post-12450/	Inaccurate	4:No, definetely	-	2:Inadequate understanding	2.Denigration	2.Partisan	2.33	4.Threat correct understanding of politics and social events
221	[FactCheck] 大村知事リコール運動 ｢署名者の個人情報が公開される｣は本当か？	https://infact.press/2020/09/post-8286/	Half-True	-	-	-	-	-	-	-
222	[コロナの時代]ファクトチェック： ｢WHOが方向転換『感染者の隔離は不要』｣は誤り	https://infact.press/2020/07/post-7141/	False	4:No, definetely	-	1.Trusting other sources	3.Neither/No such intention	3.Propaganda	2.67	2:Confusion and anxiety about society
223	「山手線の車内案内から中国語・韓国語の表示がなくなった」は誤り。ネットで拡散	https://wasegg.com/archives/3006	False	4:No, definetely	-	2:Inadequate understanding	3.Neither/No such intention	3.Propaganda	2.00	6.Prejudice against national and racial
224	[FactCheck] テレ朝ニュースの見出し｢GoTo事務局で日当7万円｣はミスリード	https://infact.press/2020/10/post-9196/	Misleading	4:No, definetely	-	3.Misleading	2.Denigration	2.Partisan	2.00	4.Threat correct understanding of politics and social events
225	「武漢で死体を焼やすと発生するガスが大量検出」は誤り。新型コロナめぐり世界で拡散	https://www.buzzfeed.com/jp/kotahatachi/unknown-cause-china-11	False	2:Yes, probably	4.False context	-	2.Denigration	4.No purpose/Unknown	3.33	7.Conspiracy theory
226	「新型コロナの検査費用、陰性なら8万円自己負担」は誤り。現状では「無料」です	https://www.buzzfeed.com/jp/kotahatachi/unknown-cause-china-12	False	2:Yes, probably	1:Fabricated content	-	2.Denigration	3.Propaganda	3.67	2:Confusion and anxiety about society
227	[新型コロナFactCheck] ｢FAXの制約で東京都内の感染者数は1日300人を超えない｣との情報は誤り 中国で拡散	https://infact.press/2020/08/post-7402/	False	3:No, probably	-	2:Inadequate understanding	2.Denigration	4.No purpose/Unknown	1.33	3.Threat honor and trust in people, company and good
228	「オバマ氏がスパイ容疑で逮捕」は虚偽 以前の発表文を下敷きに作成か	https://www.buzzfeed.com/jp/yoshihirokando/fc-obama	Pants-on-Fire	3:No, probably	-	2:Inadequate understanding	2.Denigration	2.Partisan	2.67	3.Threat honor and trust in people, company and good
229	米大統領選「バイデン氏の不正疑惑で州兵投入」「ウィスコンシン州で投票率200％」は誤り。日本だけで拡散？	https://www.buzzfeed.com/jp/kotahatachi/milwaukee200	False	3:No, probably	-	1.Trusting other sources	2.Denigration	4.No purpose/Unknown	2.00	7.Conspiracy theory
230	新型コロナウイルスは「飛沫感染するエイズウイルス」は誤り。専門家「多くの生物から同じような配列は見つかる」	https://www.buzzfeed.com/jp/yutochiba/coronavirus-medical-fact-check	False	3:No, probably	-	2:Inadequate understanding	3.Neither/No such intention	4.No purpose/Unknown	2.00	2:Confusion and anxiety about society
231	拡散した「政府が日の丸マスクを生産」との誤情報　メーカー“法的措置”検討も視野	https://www.buzzfeed.com/jp/kensukeseya/covid-mask-fc	False	4:No, definetely	-	1.Trusting other sources	2.Denigration	3.Propaganda	2.33	3.Threat honor and trust in people, company and good
232	[新型コロナFactCheck] ｢在日米国大使館『近いうちに日本は医療崩壊』と警告｣は不正確	https://infact.press/2020/04/post-5446/	Inaccurate	4:No, definetely	-	2:Inadequate understanding	2.Denigration	4.No purpose/Unknown	3.67	2:Confusion and anxiety about society
233	「安倍政権がホームレスを3分の1に減らした」は誤り。ネットで拡散、実際は…	https://www.buzzfeed.com/jp/kotahatachi/tsuisoku-debunk	False	3:No, probably	-	2:Inadequate understanding	1.Flattery	2.Partisan	1.67	4.Threat correct understanding of politics and social events
234	「新型コロナウイルスは人類史上最凶、致死率15％」は誤り。ネットで拡散、実際は…	https://www.buzzfeed.com/jp/kotahatachi/unknown-cause-china-2	False	3:No, probably	-	2:Inadequate understanding	2.Denigration	3.Propaganda	2.00	2:Confusion and anxiety about society
235	[コロナの時代]ファクトチェック： 大阪府の吉村知事｢保健所の削減は太田府政時代｣はミスリード	https://infact.press/2020/07/post-7173/	Misleading	3:No, probably	-	3.Misleading	2.Denigration	4.No purpose/Unknown	2.00	4.Threat correct understanding of politics and social events
236	[新型コロナFactCheck] ｢日本で売られているMade in Taiwan表記マスクは中国製の偽物｣は本当か？	https://infact.press/2020/04/post-5727/	Unknown-Evidence	4:No, definetely	-	2:Inadequate understanding	3.Neither/No such intention	4.No purpose/Unknown	1.33	3.Threat honor and trust in people, company and good
237	「韓国に日本が捨てた税金一覧」は誤り。借金を「返していない」「踏み倒し」とも言われるが…	https://www.buzzfeed.com/jp/kotahatachi/japan-en-korea	False	3:No, probably	-	2:Inadequate understanding	2.Denigration	4.No purpose/Unknown	3.33	6.Prejudice against national and racial
238	「ファイザー社、ワクチンが不妊を引き起こすと公式に認めた」は誤り。サイトの切り取りが拡散	https://www.buzzfeed.com/jp/kotahatachi/vakzin-fc-3	False	4:No, definetely	-	1.Trusting other sources	2.Denigration	3.Propaganda	3.33	5.Health
239	「トランプ氏が大統領令、バイデン逮捕も…」は誤り。ロシアが選挙に干渉？ ウクライナ疑惑めぐり	https://www.buzzfeed.com/jp/kotahatachi/eo13848	False	4:No, definetely	-	2:Inadequate understanding	1.Flattery	2.Partisan	1.67	2:Confusion and anxiety about society
240	日本学術会議、答申が出ていないため「活動が見えていない」はミスリード。2008年以降、321の提言と10の報告を提出	https://www.buzzfeed.com/jp/yutochiba/gakujutukaigi-fact-check	Misleading	3:No, probably	-	3.Misleading	2.Denigration	4.No purpose/Unknown	3.67	3.Threat honor and trust in people, company and good
241	[コロナの時代]ファクトチェック： 大阪の重症者増の理由は｢早めに気管切開し､人工呼吸器をつけている｣？ 吉村知事発言は根拠不明	https://infact.press/2020/09/post-8257/	Unknown-Evidence	4:No, definetely	-	2:Inadequate understanding	3.Neither/No such intention	4.No purpose/Unknown	3.00	5.Health
242	日本学術会議幹部が「北大総長室に押しかけ研究を辞退させた」は誤り。記事は訂正、しかし誤情報が拡散	https://www.buzzfeed.com/jp/yutochiba/gakujutukaigi-fact-check-3	False	4:No, definetely	-	1.Trusting other sources	2.Denigration	2.Partisan	2.67	3.Threat honor and trust in people, company and good
243	「新型コロナはお湯で予防」デマに注意。あやしい情報の“共通点”とは	https://www.buzzfeed.com/jp/kotahatachi/unknown-cause-china-15	False	3:No, probably	-	2:Inadequate understanding	3.Neither/No such intention	4.No purpose/Unknown	3.67	5.Health
244	菅首相発言「Go　Toトラベルでの感染者7人」はミスリード	https://mainichi.jp/articles/20200924/k00/00m/040/196000c	Misleading	3:No, probably	-	3.Misleading	1.Flattery	4.No purpose/Unknown	2.00	4.Threat correct understanding of politics and social events
245	[新型コロナFactCheck] ｢(6月中旬)東京都が桁違いに検査数を増やした｣は本当か？	https://infact.press/2020/07/post-6840/	False	4:No, definetely	-	2:Inadequate understanding	1.Flattery	3.Propaganda	2.33	4.Threat correct understanding of politics and social events
246	新型コロナで「戦々恐々とする中」玉城デニー知事が踊った、は誤り	https://www.buzzfeed.com/jp/kensukeseya/okinawa-korona-1	False	3:No, probably	-	2:Inadequate understanding	2.Denigration	2.Partisan	4.00	3.Threat honor and trust in people, company and good
247	[新型肺炎FactCheck] ｢武漢国立生物安全実験室から漏れたウイルスが原因と英紙報道｣は不正確	https://infact.press/2020/01/post-4684/	Inaccurate	4:No, definetely	-	2:Inadequate understanding	3.Neither/No such intention	4.No purpose/Unknown	2.00	7.Conspiracy theory
248	「安倍首相に布マスク販売を突っ込まれ、朝日新聞SHOPが閉鎖」は誤り。実際は…	https://www.buzzfeed.com/jp/kotahatachi/abe-mask-asahi-2	False	4:No, definetely	-	2:Inadequate understanding	2.Denigration	4.No purpose/Unknown	3.67	3.Threat honor and trust in people, company and good
249	[新型コロナFactCheck] 東京都の感染者増 ｢五輪延期決定で検査抑制の必要がなくなった｣は本当か?	https://infact.press/2020/04/post-5587/	Unknown-Evidence	3:No, probably	-	2:Inadequate understanding	2.Denigration	4.No purpose/Unknown	2.67	7.Conspiracy theory
250	「岸田内閣がレジ袋有料化の廃止を決定」は誤り。「超有能」と拡散、環境省は否定	https://www.buzzfeed.com/jp/kotahatachi/kishida-cabinet-fc	False	4:No, definetely	-	1.Trusting other sources	3.Neither/No such intention	4.No purpose/Unknown	2.67	4.Threat correct understanding of politics and social events
251	【FactCheck】ワクチンのファクト④「コロナワクチンは血管障害を引き起こす」との言説が拡散　現時点で真偽の判定は不可能	https://infact.press/2021/10/post-12247/	Suspended-Judgment	-	-	-	-	-	-	-
252	沖縄最大クラスター「感染者９割がワクチン２回接種」は不正確　事実は…〈#ファクトチェック〉	https://ryukyushimpo.jp/news/entry-1400245.html	Inaccurate	2:Yes, probably	1:Fabricated content	-	2.Denigration	3.Propaganda	2.67	2:Confusion and anxiety about society
253	岸田氏「使用済み核燃料、再処理すれば期間300年」はミスリード	https://www.asahi.com/articles/ASP9Z4GFHP9WULBJ00N.html	Misleading	3:No, probably	-	2:Inadequate understanding	3.Neither/No such intention	4.No purpose/Unknown	1.33	3.Threat honor and trust in people, company and good
254	［Factcheck］「フランス政府　9月からは保護者の同意なしに子どもたちにワクチンを接種する予定　親が同意しない場合は、3万ユーロの罰金と2年間の懲役」は誤り	https://infact.press/2021/09/post-13436/	False	4:No, definetely	-	1.Trusting other sources	2.Denigration	4.No purpose/Unknown	2.00	2:Confusion and anxiety about society
255	新型コロナ「ワクチンが変異ウイルスを生み出した」は誤り。ノーベル賞科学者の発言が拡散	https://www.buzzfeed.com/jp/kotahatachi/vakzin-fc-8	False	3:No, probably	-	1.Trusting other sources	3.Neither/No such intention	3.Propaganda	3.33	5.Health
256	「医師会が接種後の死亡を報告しないと決めた」ツイートは誤り	https://mainichi.jp/articles/20210902/k00/00m/040/038000c	False	3:No, probably	-	2:Inadequate understanding	2.Denigration	4.No purpose/Unknown	3.00	3.Threat honor and trust in people, company and good
257	[Factcheck] 「水でPCR検査『陽性』」動画は誤り 　実際は「無効」を示した迅速(抗原)検査結果の動画	https://infact.press/2021/08/post-13164/	False	3:No, probably	-	1.Trusting other sources	3.Neither/No such intention	3.Propaganda	3.33	3.Threat honor and trust in people, company and good
258	タリバン首都制圧で記者の服装一変は「ミスリード」	https://mainichi.jp/articles/20210820/k00/00m/030/155000c	Misleading	4:No, definetely	-	3.Misleading	3.Neither/No such intention	4.No purpose/Unknown	1.00	6.Prejudice against national and racial
259	[Factcheck] 「バッテリー交換コストが高すぎて捨てられたパリの電気自動車」は不正確 中国でカーシェア事業者が置いたもの	https://infact.press/2021/08/post-12907/	Inaccurate	4:No, definetely	-	1.Trusting other sources	3.Neither/No such intention	4.No purpose/Unknown	2.00	3.Threat honor and trust in people, company and good
260	[Factcheck] 「米CDC、PCR検査は精度が低いので中止」は誤り 新指針の曲解が拡散	https://infact.press/2021/08/post-13117/	False	4:No, definetely	-	1.Trusting other sources	2.Denigration	3.Propaganda	2.67	5.Health
261	「オリンピック選手村に配布されるコンドームは税金によるもの 」は誤り。ネットで拡散	http://wasegg.com/archives/3917	False	3:No, probably	-	2:Inadequate understanding	2.Denigration	4.No purpose/Unknown	2.67	4.Threat correct understanding of politics and social events
262	[Factcheck] 小泉環境相「景気が良くなれば不景気から抜け出せます」は実在しない架空の発言	https://infact.press/2021/07/post-12831/	Pants-on-Fire	1:Yes, definitely	1:Fabricated content	-	2.Denigration	1.Satire/Parody	1.67	3.Threat honor and trust in people, company and good
263	「（外国人が）家族旅行が目的で来日した」は誤り。 「事実上14日間の隔離はない」は正確。ネット上で拡散	https://wasegg.com/archives/3930	Inaccurate	4:No, definetely	-	1.Trusting other sources	2.Denigration	4.No purpose/Unknown	2.00	2:Confusion and anxiety about society
264	竹中平蔵氏「医学部、獣医学部を持った大学はない」発言は誤り	https://mainichi.jp/articles/20210717/k00/00m/010/083000c	False	3:No, probably	-	2:Inadequate understanding	3.Neither/No such intention	4.No purpose/Unknown	1.33	3.Threat honor and trust in people, company and good
265	[FactCheck]「スウェーデン首相がコロナ禍初期に感染拡大を止められなかった責任を取って辞任」は根拠不明	https://infact.press/2021/07/post-12803/	Unknown-Evidence	3:No, probably	-	2:Inadequate understanding	3.Neither/No such intention	4.No purpose/Unknown	2.00	4.Threat correct understanding of politics and social events
266	[FactCheck] 旭日旗が施された「政府専用機　ニューデザイン！」の画像は誤り　デザイン変更の予定なし	https://infact.press/2021/07/post-12945/	Pants-on-Fire	1:Yes, definitely	1:Fabricated content	-	3.Neither/No such intention	4.No purpose/Unknown	2.00	2:Confusion and anxiety about society
267	「永久不妊の可能性」「接種者の息や汗から…」立憲の候補者がワクチンめぐる誤情報拡散→削除	https://www.buzzfeed.com/jp/yutochiba/rikken-kitajyo-covid-19-vaccine	False	3:No, probably	-	2:Inadequate understanding	3.Neither/No such intention	3.Propaganda	4.00	5.Health
268	[Fact Check] 「日本の水道水を浴びたコロナ、一瞬で死滅」は根拠不明	https://infact.press/2021/07/post-12892/	Unknown-Evidence	3:No, probably	-	2:Inadequate understanding	3.Neither/No such intention	4.No purpose/Unknown	2.67	5.Health
269	「感染予防効果を期待できるものではない」泉大津市が接種券に誤情報を同封。市長は“マグネシウム鼻うがい”を推奨	https://www.buzzfeed.com/jp/yutochiba/izumiotsu-covid-19-vaccine	False	4:No, definetely	-	2:Inadequate understanding	3.Neither/No such intention	3.Propaganda	3.00	5.Health
270	菅首相「ワクチン接種、先進国の中で最速」はミスリード。会見で強調、実際は…	https://www.buzzfeed.com/jp/kotahatachi/vakzin-fc-6	Misleading	3:No, probably	-	3.Misleading	1.Flattery	4.No purpose/Unknown	0.67	3.Threat honor and trust in people, company and good
271	[FactCheck] 蓮舫議員（立憲民主党）の「インドからの入国制限をしたのは4/28になって。しかも３日だけの待機で、…」は不正確	https://infact.press/2021/07/post-12858/	Inaccurate	4:No, definetely	-	2:Inadequate understanding	2.Denigration	4.No purpose/Unknown	2.00	4.Threat correct understanding of politics and social events
272	ローマ教皇「天国に行くためにワクチンが必要」は誤り。「真実を言っている」と拡散、発端は	https://www.buzzfeed.com/jp/kotahatachi/vakzin-fc-5	False	1:Yes, definitely	2:Manipulated text	-	3.Neither/No such intention	4.No purpose/Unknown	2.00	2:Confusion and anxiety about society
273	「ワクチンの中身はマイクロチップや劇薬」「接種で遺伝子組み換え」広がる誤情報を検証しました	https://www.buzzfeed.com/jp/yutochiba/covid-19-vaccine-factcheck-cov-navi-2	False	2:Yes, probably	1:Fabricated content	-	2.Denigration	3.Propaganda	2.67	5.Health
274	「ワクチン接種者が周囲に病気を撒き散らす」「接種で麻痺が起きる」拡散する誤情報。専門家の見解は…	https://www.buzzfeed.com/jp/yutochiba/covid-19-vaccine-factcheck-cov-navi	False	2:Yes, probably	2:Manipulated text	-	2.Denigration	3.Propaganda	3.00	5.Health
275	安倍氏ツイート「赤木さん証言、握り潰されている」は根拠不明	https://mainichi.jp/articles/20210628/k00/00m/040/210000c	Unknown-Evidence	4:No, definetely	-	3.Misleading	2.Denigration	4.No purpose/Unknown	2.00	3.Threat honor and trust in people, company and good
276	「ワクチンが卵巣に蓄積、不妊の原因に」は誤り。「一生妊娠できなくなる」とYouTube動画も拡散、若い女性に影響か	https://www.buzzfeed.com/jp/kotahatachi/vakzin-fc-4	False	3:No, probably	-	1.Trusting other sources	2.Denigration	3.Propaganda	3.33	5.Health
277	[FactCheck]「マクドナルド、バドワイザーが五輪のスポンサーを降りた。多くのスポンサー企業が東京五輪に冷めている」はミスリード	https://infact.press/2021/06/post-12741/	Misleading	4:No, definetely	-	2:Inadequate understanding	3.Neither/No such intention	4.No purpose/Unknown	1.67	3.Threat honor and trust in people, company and good
278	「欧州でガソリン発電EV充電器が流行」などの画像が拡散 相次ぐ類似の誤情報	https://infact.press/2021/10/post-13703/	Inaccurate	4:No, definetely	-	2:Inadequate understanding	3.Neither/No such intention	4.No purpose/Unknown	1.33	3.Threat honor and trust in people, company and good
279	SNSで拡散「選挙機材大手『ムサシ』大株主は安倍元首相」は誤り	https://mainichi.jp/articles/20211014/k00/00m/010/094000c	False	3:No, probably	-	1.Trusting other sources	2.Denigration	2.Partisan	3.33	3.Threat honor and trust in people, company and good
280	【ファクトチェック】山口公明党代表の発言　共産党「天皇制は憲法違反 廃止すべき」は誤り	http://wasegg.com/archives/4245	False	4:No, definetely	-	2:Inadequate understanding	2.Denigration	2.Partisan	2.67	3.Threat honor and trust in people, company and good
281	【ファクトチェック】「東京新聞が『違和感あり 岸田氏 生まれも育ちもほぼ東京なのに核兵器ない世界目指す』と報道した」とするツイートはミスリード。紙面の一部を切り取り投稿	http://wasegg.com/archives/4269	Misleading	3:No, probably	-	3.Misleading	2.Denigration	4.No purpose/Unknown	1.67	3.Threat honor and trust in people, company and good
282	「遺伝子を破壊した野菜や魚『ゲノム編集食品』は安全審査なし、発がん物質の発見も」⇒「フェイクニュース（レベル４）」～SFSSが週刊女性記事（2021年10月19日号）をファクトチェック！～	http://www.nposfss.com/cat3/fact/w_josei_20211019.html	False	3:No, probably	-	2:Inadequate understanding	2.Denigration	3.Propaganda	3.00	5.Health
283	SNSで拡散「外国人に選挙運動はできない」は誤り	https://mainichi.jp/articles/20211020/k00/00m/010/379000c	False	4:No, definetely	-	2:Inadequate understanding	2.Denigration	3.Propaganda	3.00	6.Prejudice against national and racial
284	【ファクトチェック】れいわ山本代表「れいわ新選組が野党統一候補として出られる所は1ヶ所もない」は根拠不明。参議院議員会館内で開かれた集会で発言	https://wasegg.com/archives/4281	Unknown-Evidence	3:No, probably	-	2:Inadequate understanding	2.Denigration	4.No purpose/Unknown	1.33	3.Threat honor and trust in people, company and good
285	【総選挙FactCheck】スマホ・3Dプリンタ・量子コンピュータは日本の発明？甘利幹事長の発言は『不正確』	https://infact.press/2021/10/post-14149/	Inaccurate	3:No, probably	-	2:Inadequate understanding	1.Flattery	4.No purpose/Unknown	2.33	3.Threat honor and trust in people, company and good
286	【総選挙FactCheck】岸田首相は「広島出身」と言えるのか？　	https://infact.press/2021/10/post-14166/	Misleading	3:No, probably	-	3.Misleading	3.Neither/No such intention	4.No purpose/Unknown	1.00	3.Threat honor and trust in people, company and good
287	【総選挙FactCheck】岸田首相が誇った日米地位協定をめぐる成果についてファクトチェックした	https://infact.press/2021/10/post-14214/	Half-True	-	-	-	-	-	-	-
288	【ファクトチェック】NHK党立花孝志党首の発言「民主党政権交代時、子ども手当1円ももらえなかった」は“誤り”	https://japan-indepth.jp/?p=62561	False	3:No, probably	-	2:Inadequate understanding	2.Denigration	4.No purpose/Unknown	2.33	4.Threat correct understanding of politics and social events
289	【ファクトチェック】共産党志位和夫委員長の発言「派遣・パート・アルバイト・非正規の働き方をさせられている方が若者では半分」は“ミスリード”	https://japan-indepth.jp/?p=62577	Misleading	3:No, probably	-	3.Misleading	3.Neither/No such intention	4.No purpose/Unknown	1.67	2:Confusion and anxiety about society
290	【ファクトチェック】自民党岸田文雄総裁「現在法人税最高税率は23.2%、財源としては10.8兆円ほどあります」は“ほぼ正確”	https://japan-indepth.jp/?p=62589	Half-True	-	-	-	-	-	-	-
291	【ファクトチェック】「Dappiがアップした参院予算委資料を一般人は入手不能」は誤り。2020年1月のツイートがDappi問題で注目集める	https://wasegg.com/archives/4297	False	4:No, definetely	-	2:Inadequate understanding	3.Neither/No such intention	2.Partisan	2.00	3.Threat honor and trust in people, company and good
292	【ファクトチェック】毎日新聞ツイート「Z世代の8割が投票したいと思っているとのデータがある」は“不正確”	https://japan-indepth.jp/?p=62612	Inaccurate	4:No, definetely	-	3.Misleading	3.Neither/No such intention	3.Propaganda	2.67	2:Confusion and anxiety about society
293	衆院選候補の性別「公報に記載しないと男女比が不明に」は誤り	https://mainichi.jp/articles/20211025/k00/00m/010/275000c	False	4:No, definetely	-	2:Inadequate understanding	3.Neither/No such intention	4.No purpose/Unknown	1.67	4.Threat correct understanding of politics and social events
294	【ファクトチェック】日本維新の会・馬場幹事長「私立高校も大阪では完全無償」は誤り。NHKの討論番組で発言	http://wasegg.com/archives/4352	False	3:No, probably	-	3.Misleading	1.Flattery	4.No purpose/Unknown	2.67	3.Threat honor and trust in people, company and good
295	麻生太郎氏「北海道のお米は温暖化でおいしくなった」発言は誤り。農家の力を否定、実際の影響は？	https://www.buzzfeed.com/jp/kotahatachi/yume-pirika	False	4:No, definetely	-	2:Inadequate understanding	3.Neither/No such intention	4.No purpose/Unknown	2.00	3.Threat honor and trust in people, company and good
296	【ファクトチェック】立憲民主党菅直人氏の発言「民主党政権の時代に、高校無償化まで実現しました。現在も無償化になってます」は“不正確”	https://japan-indepth.jp/?p=62632	Inaccurate	3:No, probably	-	3.Misleading	1.Flattery	2.Partisan	2.33	4.Threat correct understanding of politics and social events
297	【総選挙FactCheck】共産党の綱領には天皇制について「おかしい」とは書かれていないのかファクトチェックした	https://infact.press/2021/10/post-14301/	Misleading	3:No, probably	-	3.Misleading	3.Neither/No such intention	4.No purpose/Unknown	2.00	3.Threat honor and trust in people, company and good
298	【総選挙FactCheck】法人税は安倍政権下で23％に引き下げられた？枝野代表の発言は「ミスリード」	https://infact.press/2021/10/post-14402/	Misleading	3:No, probably	-	3.Misleading	2.Denigration	4.No purpose/Unknown	2.00	4.Threat correct understanding of politics and social events
299	衆院選沖縄1区の候補者が既に「当選」は偽情報　衆院選ファクトチェック	https://ryukyushimpo.jp/news/entry-1415288.html	Pants-on-Fire	1:Yes, definitely	1:Fabricated content	-	1.Flattery	4.No purpose/Unknown	3.00	3.Threat honor and trust in people, company and good
300	衆院選沖縄1区「当選可能性ゼロ」「ムダ票」は誤情報　衆院選ファクトチェック	https://ryukyushimpo.jp/news/entry-1415418.html	False	3:No, probably	-	3.Misleading	3.Neither/No such intention	4.No purpose/Unknown	2.67	4.Threat correct understanding of politics and social events
301	自民党麻生太郎氏の発言「年金増えたのは、運用を株でやったおかげでしょうが」は“ほぼ正確”【Japan In-depth】	https://japan-indepth.jp/?p=62679	Half-True	-	-	-	-	-	-	-
302	【ファクトチェック】財政調整基金　大阪府・市で3000億円「積み上げてきた」はミスリード。2021年度は半減の見込み。日本維新の会の松井代表がテレビ番組で発言	https://wasegg.com/archives/4368	Misleading	3:No, probably	-	3.Misleading	1.Flattery	3.Propaganda	2.50	4.Threat correct understanding of politics and social events
303	【ファクトチェック】れいわ新選組は「最大3ヵ月のステイホーム期間中は消費税ゼロ」を掲げているとの放送は不正確。日本テレビ系列『ウェークアップ』	https://wasegg.com/archives/4375	Inaccurate	4:No, definetely	-	2:Inadequate understanding	3.Neither/No such intention	4.No purpose/Unknown	3.50	4.Threat correct understanding of politics and social events
304	【ファクトチェック】「自公維が勝つと消費税19％」は根拠不明。ネットで拡散	https://wasegg.com/archives/4402	Unknown-Evidence	2:Yes, probably	2:Manipulated text	-	2.Denigration	2.Partisan	3.67	3.Threat honor and trust in people, company and good
305	普天間移設「県・市の決断で辺野古移設決定」はミスリード　衆院選ファクトチェック	https://ryukyushimpo.jp/news/entry-1415420.html	Misleading	3:No, probably	-	3.Misleading	2.Denigration	4.No purpose/Unknown	2.00	4.Threat correct understanding of politics and social events
306	【ファクトチェック】社民党福島みずほ党首の発言「（アベノマスクに）500億円ほど税金を使っている」は“正確”	https://japan-indepth.jp/?p=62738	True	-	-	-	-	-	-	-
307	京王線襲撃　SNSで話題の「国領停車ファインプレー」説は不正確	https://mainichi.jp/articles/20211104/k00/00m/040/104000c	Inaccurate	4:No, definetely	-	2:Inadequate understanding	1.Flattery	4.No purpose/Unknown	2.00	3.Threat honor and trust in people, company and good
